-- MySQL dump 10.13  Distrib 8.0.16, for macos10.14 (x86_64)
--
-- Host: localhost    Database: sugar
-- ------------------------------------------------------
-- Server version	8.0.16

/*!40101 SET @OLD_CHARACTER_SET_CLIENT=@@CHARACTER_SET_CLIENT */;
/*!40101 SET @OLD_CHARACTER_SET_RESULTS=@@CHARACTER_SET_RESULTS */;
/*!40101 SET @OLD_COLLATION_CONNECTION=@@COLLATION_CONNECTION */;
 SET NAMES utf8 ;
/*!40103 SET @OLD_TIME_ZONE=@@TIME_ZONE */;
/*!40103 SET TIME_ZONE='+00:00' */;
/*!40014 SET @OLD_UNIQUE_CHECKS=@@UNIQUE_CHECKS, UNIQUE_CHECKS=0 */;
/*!40014 SET @OLD_FOREIGN_KEY_CHECKS=@@FOREIGN_KEY_CHECKS, FOREIGN_KEY_CHECKS=0 */;
/*!40101 SET @OLD_SQL_MODE=@@SQL_MODE, SQL_MODE='NO_AUTO_VALUE_ON_ZERO' */;
/*!40111 SET @OLD_SQL_NOTES=@@SQL_NOTES, SQL_NOTES=0 */;

--
-- Table structure for table `auth_session`
--

DROP TABLE IF EXISTS `auth_session`;
/*!40101 SET @saved_cs_client     = @@character_set_client */;
 SET character_set_client = utf8mb4 ;
CREATE TABLE `auth_session` (
  `user_id` int(10) unsigned NOT NULL,
  `device_id` varchar(45) DEFAULT NULL,
  `token` varchar(512) NOT NULL COMMENT '\n',
  `created_at` datetime NOT NULL DEFAULT CURRENT_TIMESTAMP,
  `updated_at` datetime NOT NULL DEFAULT CURRENT_TIMESTAMP,
  PRIMARY KEY (`user_id`,`token`),
  KEY `deviceID` (`device_id`),
  KEY `token` (`token`)
) ENGINE=InnoDB DEFAULT CHARSET=latin1;
/*!40101 SET character_set_client = @saved_cs_client */;

--
-- Dumping data for table `auth_session`
--

LOCK TABLES `auth_session` WRITE;
/*!40000 ALTER TABLE `auth_session` DISABLE KEYS */;
INSERT INTO `auth_session` VALUES (59,'','eyJhbGciOiJIUzI1NiIsInR5cCI6IkpXVCJ9.eyJVc2VyIjp7IklEIjo1OSwiTmFtZSI6IlRmZ2p1cmQiLCJQYXNzd29yZCI6ImVhNzFmOGIxYjYxNzFmMGEyNDMzNDJiNTAwMmU2NGQxYjM1ZmZiOTMiLCJUeXBlIjowLCJTdGF0dXMiOjEsIkVtYWlsIjoiRGZoamJjQGNibm0uY2JoIiwiUGhvbmUiOiI1NTg4ODUiLCJDcmVhdGVkQXQiOm51bGwsIlVwZGF0ZWRBdCI6bnVsbCwiRGVsZXRlZEF0IjpudWxsfSwiZXhwIjoxNTU4ODA5NTg4fQ.r4r7dbhym_ZOLxGkW-rncA8R9hifocKlKafgWyImIzU','2019-05-25 20:39:48','2019-05-25 20:39:48'),(60,'','eyJhbGciOiJIUzI1NiIsInR5cCI6IkpXVCJ9.eyJVc2VyIjp7IklEIjo2MCwiTmFtZSI6IlJ0Y3p6IiwiUGFzc3dvcmQiOiJlYTcxZjhiMWI2MTcxZjBhMjQzMzQyYjUwMDJlNjRkMWIzNWZmYjkzIiwiVHlwZSI6MCwiU3RhdHVzIjoxLCJFbWFpbCI6IkR2aHR0Z0B6Y2IuY3ZiIiwiUGhvbmUiOiIyMjU1ODgiLCJDcmVhdGVkQXQiOm51bGwsIlVwZGF0ZWRBdCI6bnVsbCwiRGVsZXRlZEF0IjpudWxsfSwiZXhwIjoxNTU4ODA5NzAwfQ.HRg2nEQqegM1Qd1YSoG6F0uz0MBEftT1NgMNtvFABrY','2019-05-25 20:41:40','2019-05-25 20:41:40'),(61,'','eyJhbGciOiJIUzI1NiIsInR5cCI6IkpXVCJ9.eyJVc2VyIjp7IklEIjo2MSwiTmFtZSI6IlF3ZXJ0eSIsIlBhc3N3b3JkIjoiZWE3MWY4YjFiNjE3MWYwYTI0MzM0MmI1MDAyZTY0ZDFiMzVmZmI5MyIsIlR5cGUiOjAsIlN0YXR1cyI6MSwiRW1haWwiOiJGdm5oeWdAbWFpbC5jb20iLCJQaG9uZSI6IjI1ODAwIiwiQ3JlYXRlZEF0IjpudWxsLCJVcGRhdGVkQXQiOm51bGwsIkRlbGV0ZWRBdCI6bnVsbH0sImV4cCI6MTU1ODgxMDE2NH0.XRZ6OQjC3yeuqwnjw0k2TJngNq06YkFdI7ccw0jwKB8','2019-05-25 20:49:24','2019-05-25 20:49:24'),(62,'','eyJhbGciOiJIUzI1NiIsInR5cCI6IkpXVCJ9.eyJVc2VyIjp7IklEIjo2MiwiTmFtZSI6IlJkZ2d0ciIsIlBhc3N3b3JkIjoiZWE3MWY4YjFiNjE3MWYwYTI0MzM0MmI1MDAyZTY0ZDFiMzVmZmI5MyIsIlR5cGUiOjAsIlN0YXR1cyI6MSwiRW1haWwiOiJRZXJ0dEBjdmIubmJ2IiwiUGhvbmUiOiI1ODg3NCIsIkNyZWF0ZWRBdCI6bnVsbCwiVXBkYXRlZEF0IjpudWxsLCJEZWxldGVkQXQiOm51bGx9LCJleHAiOjE1NTg4MTU2NzB9.9hXOwMqynKdVJBnbwVpeZEPa9CDV-44bM3SbOWQ73Hk','2019-05-25 22:21:10','2019-05-25 22:21:10'),(63,'','eyJhbGciOiJIUzI1NiIsInR5cCI6IkpXVCJ9.eyJVc2VyIjp7IklEIjo2MywiTmFtZSI6Ild3d3d3IiwiUGFzc3dvcmQiOiI5YTNiMDIzZDg3YmE3ODBhYWIxNTc3MTcxNzQ5NGNmNmU3MzQ5ZGZlIiwiVHlwZSI6MCwiU3RhdHVzIjowLCJFbWFpbCI6IlFxcXFAbWFpbC5jb20iLCJQaG9uZSI6Ijg4NTU0NCIsIkNyZWF0ZWRBdCI6bnVsbCwiVXBkYXRlZEF0IjpudWxsLCJEZWxldGVkQXQiOm51bGx9LCJleHAiOjE1NTg4MTczNjh9.ZzGCcvkm14s4EXIeaKaWvrJTZmGe_8MI2sGi4rIZoZE','2019-05-25 22:49:28','2019-05-25 22:49:28'),(66,'','eyJhbGciOiJIUzI1NiIsInR5cCI6IkpXVCJ9.eyJVc2VyIjp7IklEIjo2NiwiTmFtZSI6IlJvbWFuIERvbnRzb3YiLCJQYXNzd29yZCI6IjlhM2IwMjNkODdiYTc4MGFhYjE1NzcxNzE3NDk0Y2Y2ZTczNDlkZmUiLCJUeXBlIjowLCJTdGF0dXMiOjAsIkVtYWlsIjoiZG9udHNvdnJvbWFuQGdtYWlsLmNvbSIsIlBob25lIjoiMDk3NDg4NTA0NyIsIkNyZWF0ZWRBdCI6bnVsbCwiVXBkYXRlZEF0IjpudWxsLCJEZWxldGVkQXQiOm51bGx9LCJleHAiOjE1NTkyODc1NjV9.Ysb4tDDfT5pS7yRRKPPNmkMh2ohdeJ7bJvHnlmFz6Bg','2019-05-30 10:26:05','2019-05-30 10:26:05'),(95,'99EFF00C-2CA5-4C8A-9BF1-F99107A1258C','eyJhbGciOiJIUzI1NiIsInR5cCI6IkpXVCJ9.eyJVc2VyIjp7IklEIjo5NSwiTmFtZSI6IlJvbWFuIiwiUGFzc3dvcmQiOiI4OGQ2ZWY3ZWJmZTk1NmUxYWFhMzA4NzQxY2I3ZmNjZTVhYjJkYmI5IiwiVHlwZSI6MCwiU3RhdHVzIjowLCJFbWFpbCI6ImRvbnRzb3Zyb21hbkBnbWFpbC5jb20iLCJQaG9uZSI6IjA5NzQ4ODUwNDciLCJDcmVhdGVkQXQiOiJUdWUsIDA1IE5vdiAyMDE5IDE5OjE1OjQ3ICswMDAwIiwiVXBkYXRlZEF0IjoiV2VkLCAwNiBOb3YgMjAxOSAxODoyMjoyMCArMDAwMCIsIkRlbGV0ZWRBdCI6bnVsbH0sImV4cCI6MTU3MzE0Mzc2OX0.ikAA2787I5hlksIr8sDAX1MqBHfcD5tVBL9OQxyorSc','2019-11-06 18:22:49','2019-11-06 18:22:49');
/*!40000 ALTER TABLE `auth_session` ENABLE KEYS */;
UNLOCK TABLES;

--
-- Table structure for table `orders`
--

DROP TABLE IF EXISTS `orders`;
/*!40101 SET @saved_cs_client     = @@character_set_client */;
 SET character_set_client = utf8mb4 ;
CREATE TABLE `orders` (
  `id` int(10) unsigned NOT NULL AUTO_INCREMENT,
  `user_id` int(10) unsigned NOT NULL,
  `description` longtext CHARACTER SET utf8 COLLATE utf8_bin,
  `time` timestamp NOT NULL DEFAULT CURRENT_TIMESTAMP ON UPDATE CURRENT_TIMESTAMP,
  `time_end` timestamp NULL DEFAULT NULL,
  `status` int(10) unsigned DEFAULT '1',
  `created_at` datetime NOT NULL DEFAULT CURRENT_TIMESTAMP,
  `updated_at` datetime NOT NULL DEFAULT CURRENT_TIMESTAMP ON UPDATE CURRENT_TIMESTAMP,
  `deleted_at` datetime DEFAULT NULL,
  PRIMARY KEY (`id`),
  KEY `id_idx` (`user_id`),
  CONSTRAINT `user_id` FOREIGN KEY (`user_id`) REFERENCES `users` (`id`) ON DELETE CASCADE
) ENGINE=InnoDB AUTO_INCREMENT=79 DEFAULT CHARSET=utf8 COLLATE=utf8_bin;
/*!40101 SET character_set_client = @saved_cs_client */;

--
-- Dumping data for table `orders`
--

LOCK TABLES `orders` WRITE;
/*!40000 ALTER TABLE `orders` DISABLE KEYS */;
INSERT INTO `orders` VALUES (29,84,NULL,'2019-06-20 15:30:57',NULL,NULL,'2019-06-14 17:56:02','2019-06-14 17:56:02',NULL),(30,84,NULL,'2019-06-25 16:00:16',NULL,NULL,'2019-06-14 19:13:21','2019-06-14 19:13:21',NULL),(52,85,'Ttt','2019-10-24 11:01:35',NULL,NULL,'2019-10-23 17:02:12','2019-10-23 17:02:12',NULL),(65,95,'','2019-11-06 15:30:05','2019-11-06 17:15:05',NULL,'2019-11-05 19:30:08','2019-11-05 19:30:08',NULL),(66,95,'','2019-11-08 15:34:31','2019-11-08 16:09:31',NULL,'2019-11-05 19:34:35','2019-11-05 19:34:35',NULL),(67,95,'','2019-11-07 15:36:22','2019-11-07 17:21:22',NULL,'2019-11-05 19:36:24','2019-11-05 19:36:24',NULL),(68,95,'','2019-11-13 08:30:54','2019-11-13 10:15:54',NULL,'2019-11-06 11:25:06','2019-11-06 11:25:06',NULL),(69,95,'','2019-11-07 09:23:39','2019-11-07 10:58:39',NULL,'2019-11-06 13:23:44','2019-11-06 13:23:44',NULL),(70,95,'','2019-11-13 14:30:42','2019-11-13 16:15:42',NULL,'2019-11-06 17:37:53','2019-11-06 17:37:53',NULL),(71,95,'','2019-11-07 14:30:48','2019-11-07 14:50:48',NULL,'2019-11-06 18:00:54','2019-11-06 18:00:54',NULL),(72,95,'','2019-11-25 14:20:58','2019-11-25 14:50:58',NULL,'2019-11-06 18:21:09','2019-11-06 18:21:09',NULL),(73,95,'','2019-11-06 14:37:01','2019-11-06 15:52:01',NULL,'2019-11-06 18:37:03','2019-11-06 18:37:03',NULL),(74,95,'','2019-11-06 14:42:48','2019-11-06 15:32:48',NULL,'2019-11-06 18:42:50','2019-11-06 18:42:50',NULL),(75,95,'','2019-11-06 14:43:24','2019-11-06 15:43:24',NULL,'2019-11-06 18:43:28','2019-11-06 18:43:28',NULL),(76,95,'','2019-11-06 14:44:05','2019-11-06 15:19:05',NULL,'2019-11-06 18:44:06','2019-11-06 18:44:06',NULL),(77,95,'','2019-11-06 15:39:52','2019-11-06 17:34:52',NULL,'2019-11-06 19:38:20','2019-11-06 19:38:20',NULL),(78,95,'','2019-11-28 16:05:41','2019-11-28 18:30:41',NULL,'2019-11-06 20:05:47','2019-11-06 20:05:47',NULL);
/*!40000 ALTER TABLE `orders` ENABLE KEYS */;
UNLOCK TABLES;

--
-- Table structure for table `orders_prices`
--

DROP TABLE IF EXISTS `orders_prices`;
/*!40101 SET @saved_cs_client     = @@character_set_client */;
 SET character_set_client = utf8mb4 ;
CREATE TABLE `orders_prices` (
  `order_id` int(10) unsigned NOT NULL,
  `user_id` int(10) unsigned NOT NULL,
  `price_id` int(10) unsigned NOT NULL,
  UNIQUE KEY `order_price` (`order_id`,`price_id`) USING BTREE,
  KEY `price_id_idx` (`price_id`),
  KEY `user_id_idx` (`user_id`),
  CONSTRAINT `order_id` FOREIGN KEY (`order_id`) REFERENCES `orders` (`id`) ON DELETE CASCADE,
  CONSTRAINT `price_id` FOREIGN KEY (`price_id`) REFERENCES `prices` (`id`) ON DELETE CASCADE
) ENGINE=InnoDB DEFAULT CHARSET=utf8 COLLATE=utf8_bin;
/*!40101 SET character_set_client = @saved_cs_client */;

--
-- Dumping data for table `orders_prices`
--

LOCK TABLES `orders_prices` WRITE;
/*!40000 ALTER TABLE `orders_prices` DISABLE KEYS */;
INSERT INTO `orders_prices` VALUES (29,84,7),(29,84,8),(30,84,6),(30,84,7),(52,85,4),(52,85,5),(65,95,4),(65,95,5),(65,95,6),(66,95,6),(66,95,7),(67,95,10),(67,95,11),(67,95,12),(68,95,2),(68,95,3),(68,95,4),(69,95,5),(69,95,6),(69,95,7),(70,95,2),(70,95,3),(70,95,4),(71,95,7),(72,95,4),(73,95,5),(73,95,6),(74,95,7),(74,95,8),(75,95,3),(75,95,4),(76,95,6),(76,95,7),(77,95,4),(77,95,5),(77,95,11),(78,95,7),(78,95,8),(78,95,9),(78,95,10),(78,95,11);
/*!40000 ALTER TABLE `orders_prices` ENABLE KEYS */;
UNLOCK TABLES;

--
-- Table structure for table `prices`
--

DROP TABLE IF EXISTS `prices`;
/*!40101 SET @saved_cs_client     = @@character_set_client */;
 SET character_set_client = utf8mb4 ;
CREATE TABLE `prices` (
  `id` int(10) unsigned NOT NULL AUTO_INCREMENT,
  `name` varchar(256) CHARACTER SET utf8 COLLATE utf8_bin NOT NULL,
  `status` int(11) DEFAULT '1',
  `price` int(11) NOT NULL,
  `time` int(11) NOT NULL,
  `created_at` datetime DEFAULT CURRENT_TIMESTAMP,
  `updated_at` datetime DEFAULT CURRENT_TIMESTAMP ON UPDATE CURRENT_TIMESTAMP,
  `deleted_at` datetime DEFAULT NULL,
  PRIMARY KEY (`id`),
  UNIQUE KEY `id_UNIQUE` (`id`)
) ENGINE=InnoDB AUTO_INCREMENT=13 DEFAULT CHARSET=utf8 COLLATE=utf8_bin;
/*!40101 SET character_set_client = @saved_cs_client */;

--
-- Dumping data for table `prices`
--

LOCK TABLES `prices` WRITE;
/*!40000 ALTER TABLE `prices` DISABLE KEYS */;
INSERT INTO `prices` VALUES (2,'Бедра',3,170,45,'2019-02-14 23:00:03','2019-02-14 23:00:03',NULL),(3,'Глубокое бикини',1,190,30,'2019-02-14 23:00:29','2019-02-14 23:00:29',NULL),(4,'Бикини',1,150,30,'2019-02-14 23:00:46','2019-02-14 23:00:46',NULL),(5,'Ножки полностью',1,300,60,'2019-02-14 23:14:32','2019-02-14 23:19:34',NULL),(6,'усики',1,50,15,'2019-05-19 18:21:54','2019-05-19 18:21:54',NULL),(7,'подмышки',1,100,20,'2019-05-19 18:22:15','2019-05-19 18:22:15',NULL),(8,'голени',1,100,30,'2019-05-19 18:22:28','2019-05-19 18:22:28',NULL),(9,'животик',1,150,30,'2019-05-19 18:23:42','2019-05-19 18:23:42',NULL),(10,'поясница',1,170,40,'2019-05-19 18:23:53','2019-05-19 18:23:53',NULL),(11,'ручки до локтя',1,120,25,'2019-05-19 18:24:07','2019-05-19 18:24:07',NULL),(12,'ручки полностью',1,170,40,'2019-05-19 18:24:36','2019-05-19 18:24:36',NULL);
/*!40000 ALTER TABLE `prices` ENABLE KEYS */;
UNLOCK TABLES;

--
-- Table structure for table `users`
--

DROP TABLE IF EXISTS `users`;
/*!40101 SET @saved_cs_client     = @@character_set_client */;
 SET character_set_client = utf8mb4 ;
CREATE TABLE `users` (
  `id` int(10) unsigned NOT NULL AUTO_INCREMENT,
  `role` int(11) NOT NULL DEFAULT '0',
  `email` varchar(100) CHARACTER SET utf8 COLLATE utf8_bin DEFAULT NULL,
  `phone` varchar(25) CHARACTER SET utf8 COLLATE utf8_bin NOT NULL,
  `name` varchar(255) CHARACTER SET utf8 COLLATE utf8_bin DEFAULT NULL,
  `created_at` datetime NOT NULL DEFAULT CURRENT_TIMESTAMP,
  `updated_at` datetime NOT NULL DEFAULT CURRENT_TIMESTAMP ON UPDATE CURRENT_TIMESTAMP,
  `status` tinyint(3) unsigned NOT NULL DEFAULT '1',
  `deleted_at` datetime DEFAULT NULL,
  `password` varchar(65) CHARACTER SET utf8 COLLATE utf8_bin DEFAULT NULL,
  PRIMARY KEY (`id`),
  UNIQUE KEY `id_UNIQUE` (`id`),
  UNIQUE KEY `phone_UNIQUE` (`phone`),
  UNIQUE KEY `email_UNIQUE` (`email`)
) ENGINE=InnoDB AUTO_INCREMENT=96 DEFAULT CHARSET=utf8 COLLATE=utf8_bin;
/*!40101 SET character_set_client = @saved_cs_client */;

--
-- Dumping data for table `users`
--

LOCK TABLES `users` WRITE;
/*!40000 ALTER TABLE `users` DISABLE KEYS */;
INSERT INTO `users` VALUES (57,0,'Riuggf@mail.fcx','500485','Fghtdfg','2019-05-25 20:37:03','2019-05-25 20:37:03',1,NULL,'ea71f8b1b6171f0a243342b5002e64d1b35ffb93'),(58,0,'Qwerrt@cvnn.vcc','5865588','Rtgde','2019-05-25 20:37:59','2019-05-25 20:37:59',1,NULL,'ea71f8b1b6171f0a243342b5002e64d1b35ffb93'),(59,0,'Dfhjbc@cbnm.cbh','558885','Tfgjurd','2019-05-25 20:39:48','2019-05-25 20:39:48',1,NULL,'ea71f8b1b6171f0a243342b5002e64d1b35ffb93'),(60,0,'Dvhttg@zcb.cvb','225588','Rtczz','2019-05-25 20:41:40','2019-05-25 20:41:40',1,NULL,'ea71f8b1b6171f0a243342b5002e64d1b35ffb93'),(61,0,'Fvnhyg@mail.com','25800','Qwerty','2019-05-25 20:49:24','2019-05-25 20:49:24',1,NULL,'ea71f8b1b6171f0a243342b5002e64d1b35ffb93'),(62,0,'Qertt@cvb.nbv','58874','Rdggtr','2019-05-25 22:21:10','2019-05-25 22:21:10',1,NULL,'ea71f8b1b6171f0a243342b5002e64d1b35ffb93'),(63,0,'Qqqq@mail.com','885544','Wwwww','2019-05-25 22:49:28','2019-05-25 22:49:28',0,NULL,'9a3b023d87ba780aab15771717494cf6e7349dfe'),(64,0,'Ddxx@bnm.xxa','5588855','Wwwwffg','2019-05-25 22:51:45','2019-05-25 22:51:45',0,NULL,'9a3b023d87ba780aab15771717494cf6e7349dfe'),(84,0,'dontsovromaneww2@gmail.com','09748850477','Roman','2019-06-14 17:55:48','2019-06-14 17:55:48',0,NULL,'88d6ef7ebfe956e1aaa308741cb7fcce5ab2dbb9'),(85,0,'test@mail.com','097444','Test1','2019-10-23 17:02:08','2019-10-23 17:02:08',0,NULL,'88d6ef7ebfe956e1aaa308741cb7fcce5ab2dbb9'),(95,0,'dontsovroman@gmail.com','0974885047','Roman','2019-11-05 19:15:47','2019-11-06 18:22:20',0,NULL,'88d6ef7ebfe956e1aaa308741cb7fcce5ab2dbb9');
/*!40000 ALTER TABLE `users` ENABLE KEYS */;
UNLOCK TABLES;
/*!40103 SET TIME_ZONE=@OLD_TIME_ZONE */;

/*!40101 SET SQL_MODE=@OLD_SQL_MODE */;
/*!40014 SET FOREIGN_KEY_CHECKS=@OLD_FOREIGN_KEY_CHECKS */;
/*!40014 SET UNIQUE_CHECKS=@OLD_UNIQUE_CHECKS */;
/*!40101 SET CHARACTER_SET_CLIENT=@OLD_CHARACTER_SET_CLIENT */;
/*!40101 SET CHARACTER_SET_RESULTS=@OLD_CHARACTER_SET_RESULTS */;
/*!40101 SET COLLATION_CONNECTION=@OLD_COLLATION_CONNECTION */;
/*!40111 SET SQL_NOTES=@OLD_SQL_NOTES */;

-- Dump completed on 2019-11-07 15:23:39
