-- MySQL dump 10.13  Distrib 5.7.26, for Linux (x86_64)
--
-- Host: localhost    Database: sugar
-- ------------------------------------------------------
-- Server version	5.7.26-0ubuntu0.18.04.1

/*!40101 SET @OLD_CHARACTER_SET_CLIENT=@@CHARACTER_SET_CLIENT */;
/*!40101 SET @OLD_CHARACTER_SET_RESULTS=@@CHARACTER_SET_RESULTS */;
/*!40101 SET @OLD_COLLATION_CONNECTION=@@COLLATION_CONNECTION */;
/*!40101 SET NAMES utf8 */;
/*!40103 SET @OLD_TIME_ZONE=@@TIME_ZONE */;
/*!40103 SET TIME_ZONE='+00:00' */;
/*!40014 SET @OLD_UNIQUE_CHECKS=@@UNIQUE_CHECKS, UNIQUE_CHECKS=0 */;
/*!40014 SET @OLD_FOREIGN_KEY_CHECKS=@@FOREIGN_KEY_CHECKS, FOREIGN_KEY_CHECKS=0 */;
/*!40101 SET @OLD_SQL_MODE=@@SQL_MODE, SQL_MODE='NO_AUTO_VALUE_ON_ZERO' */;
/*!40111 SET @OLD_SQL_NOTES=@@SQL_NOTES, SQL_NOTES=0 */;

--
-- Table structure for table `auth_session`
--

DROP TABLE IF EXISTS `auth_session`;
/*!40101 SET @saved_cs_client     = @@character_set_client */;
/*!40101 SET character_set_client = utf8 */;
CREATE TABLE `auth_session` (
  `user_id` int(10) unsigned NOT NULL,
  `device_id` varchar(45) DEFAULT NULL,
  `token` varchar(512) NOT NULL COMMENT '\n',
  `created_at` datetime NOT NULL DEFAULT CURRENT_TIMESTAMP,
  `updated_at` datetime NOT NULL DEFAULT CURRENT_TIMESTAMP,
  PRIMARY KEY (`user_id`,`token`),
  KEY `deviceID` (`device_id`),
  KEY `token` (`token`)
) ENGINE=InnoDB DEFAULT CHARSET=latin1;
/*!40101 SET character_set_client = @saved_cs_client */;

--
-- Dumping data for table `auth_session`
--

LOCK TABLES `auth_session` WRITE;
/*!40000 ALTER TABLE `auth_session` DISABLE KEYS */;
INSERT INTO `auth_session` VALUES (59,'','eyJhbGciOiJIUzI1NiIsInR5cCI6IkpXVCJ9.eyJVc2VyIjp7IklEIjo1OSwiTmFtZSI6IlRmZ2p1cmQiLCJQYXNzd29yZCI6ImVhNzFmOGIxYjYxNzFmMGEyNDMzNDJiNTAwMmU2NGQxYjM1ZmZiOTMiLCJUeXBlIjowLCJTdGF0dXMiOjEsIkVtYWlsIjoiRGZoamJjQGNibm0uY2JoIiwiUGhvbmUiOiI1NTg4ODUiLCJDcmVhdGVkQXQiOm51bGwsIlVwZGF0ZWRBdCI6bnVsbCwiRGVsZXRlZEF0IjpudWxsfSwiZXhwIjoxNTU4ODA5NTg4fQ.r4r7dbhym_ZOLxGkW-rncA8R9hifocKlKafgWyImIzU','2019-05-25 20:39:48','2019-05-25 20:39:48'),(60,'','eyJhbGciOiJIUzI1NiIsInR5cCI6IkpXVCJ9.eyJVc2VyIjp7IklEIjo2MCwiTmFtZSI6IlJ0Y3p6IiwiUGFzc3dvcmQiOiJlYTcxZjhiMWI2MTcxZjBhMjQzMzQyYjUwMDJlNjRkMWIzNWZmYjkzIiwiVHlwZSI6MCwiU3RhdHVzIjoxLCJFbWFpbCI6IkR2aHR0Z0B6Y2IuY3ZiIiwiUGhvbmUiOiIyMjU1ODgiLCJDcmVhdGVkQXQiOm51bGwsIlVwZGF0ZWRBdCI6bnVsbCwiRGVsZXRlZEF0IjpudWxsfSwiZXhwIjoxNTU4ODA5NzAwfQ.HRg2nEQqegM1Qd1YSoG6F0uz0MBEftT1NgMNtvFABrY','2019-05-25 20:41:40','2019-05-25 20:41:40'),(61,'','eyJhbGciOiJIUzI1NiIsInR5cCI6IkpXVCJ9.eyJVc2VyIjp7IklEIjo2MSwiTmFtZSI6IlF3ZXJ0eSIsIlBhc3N3b3JkIjoiZWE3MWY4YjFiNjE3MWYwYTI0MzM0MmI1MDAyZTY0ZDFiMzVmZmI5MyIsIlR5cGUiOjAsIlN0YXR1cyI6MSwiRW1haWwiOiJGdm5oeWdAbWFpbC5jb20iLCJQaG9uZSI6IjI1ODAwIiwiQ3JlYXRlZEF0IjpudWxsLCJVcGRhdGVkQXQiOm51bGwsIkRlbGV0ZWRBdCI6bnVsbH0sImV4cCI6MTU1ODgxMDE2NH0.XRZ6OQjC3yeuqwnjw0k2TJngNq06YkFdI7ccw0jwKB8','2019-05-25 20:49:24','2019-05-25 20:49:24'),(62,'','eyJhbGciOiJIUzI1NiIsInR5cCI6IkpXVCJ9.eyJVc2VyIjp7IklEIjo2MiwiTmFtZSI6IlJkZ2d0ciIsIlBhc3N3b3JkIjoiZWE3MWY4YjFiNjE3MWYwYTI0MzM0MmI1MDAyZTY0ZDFiMzVmZmI5MyIsIlR5cGUiOjAsIlN0YXR1cyI6MSwiRW1haWwiOiJRZXJ0dEBjdmIubmJ2IiwiUGhvbmUiOiI1ODg3NCIsIkNyZWF0ZWRBdCI6bnVsbCwiVXBkYXRlZEF0IjpudWxsLCJEZWxldGVkQXQiOm51bGx9LCJleHAiOjE1NTg4MTU2NzB9.9hXOwMqynKdVJBnbwVpeZEPa9CDV-44bM3SbOWQ73Hk','2019-05-25 22:21:10','2019-05-25 22:21:10'),(63,'','eyJhbGciOiJIUzI1NiIsInR5cCI6IkpXVCJ9.eyJVc2VyIjp7IklEIjo2MywiTmFtZSI6Ild3d3d3IiwiUGFzc3dvcmQiOiI5YTNiMDIzZDg3YmE3ODBhYWIxNTc3MTcxNzQ5NGNmNmU3MzQ5ZGZlIiwiVHlwZSI6MCwiU3RhdHVzIjowLCJFbWFpbCI6IlFxcXFAbWFpbC5jb20iLCJQaG9uZSI6Ijg4NTU0NCIsIkNyZWF0ZWRBdCI6bnVsbCwiVXBkYXRlZEF0IjpudWxsLCJEZWxldGVkQXQiOm51bGx9LCJleHAiOjE1NTg4MTczNjh9.ZzGCcvkm14s4EXIeaKaWvrJTZmGe_8MI2sGi4rIZoZE','2019-05-25 22:49:28','2019-05-25 22:49:28'),(66,'','eyJhbGciOiJIUzI1NiIsInR5cCI6IkpXVCJ9.eyJVc2VyIjp7IklEIjo2NiwiTmFtZSI6IlJvbWFuIERvbnRzb3YiLCJQYXNzd29yZCI6IjlhM2IwMjNkODdiYTc4MGFhYjE1NzcxNzE3NDk0Y2Y2ZTczNDlkZmUiLCJUeXBlIjowLCJTdGF0dXMiOjAsIkVtYWlsIjoiZG9udHNvdnJvbWFuQGdtYWlsLmNvbSIsIlBob25lIjoiMDk3NDg4NTA0NyIsIkNyZWF0ZWRBdCI6bnVsbCwiVXBkYXRlZEF0IjpudWxsLCJEZWxldGVkQXQiOm51bGx9LCJleHAiOjE1NTkyODc1NjV9.Ysb4tDDfT5pS7yRRKPPNmkMh2ohdeJ7bJvHnlmFz6Bg','2019-05-30 10:26:05','2019-05-30 10:26:05'),(82,'goldfish_x86','eyJhbGciOiJIUzI1NiIsInR5cCI6IkpXVCJ9.eyJVc2VyIjp7IklEIjo4MiwiTmFtZSI6IlJvbWFuIiwiUGFzc3dvcmQiOiI4OGQ2ZWY3ZWJmZTk1NmUxYWFhMzA4NzQxY2I3ZmNjZTVhYjJkYmI5IiwiVHlwZSI6MCwiU3RhdHVzIjowLCJFbWFpbCI6ImRvbnRzb3Zyb21hbkBnbWFpbC5jb20iLCJQaG9uZSI6IjA5NzQ4ODUwNDciLCJDcmVhdGVkQXQiOiJGcmksIDMxIE1heSAyMDE5IDEwOjA0OjMyICswMDAwIiwiVXBkYXRlZEF0IjoiRnJpLCAzMSBNYXkgMjAxOSAxMDowNDozMiArMDAwMCIsIkRlbGV0ZWRBdCI6bnVsbH0sImV4cCI6MTU2MTIwMjk5M30.HcjuVDZOBWdvR2BIjYBYAp7PSY2dsHagAhQmHNfOr5c','2019-06-21 14:29:53','2019-06-21 14:29:53');
/*!40000 ALTER TABLE `auth_session` ENABLE KEYS */;
UNLOCK TABLES;

--
-- Table structure for table `orders`
--

DROP TABLE IF EXISTS `orders`;
/*!40101 SET @saved_cs_client     = @@character_set_client */;
/*!40101 SET character_set_client = utf8 */;
CREATE TABLE `orders` (
  `id` int(10) unsigned NOT NULL AUTO_INCREMENT,
  `user_id` int(10) unsigned NOT NULL,
  `description` longtext COLLATE utf8_bin,
  `time` timestamp NOT NULL DEFAULT CURRENT_TIMESTAMP ON UPDATE CURRENT_TIMESTAMP,
  `status` int(10) unsigned DEFAULT '1',
  `created_at` datetime NOT NULL DEFAULT CURRENT_TIMESTAMP,
  `updated_at` datetime NOT NULL DEFAULT CURRENT_TIMESTAMP ON UPDATE CURRENT_TIMESTAMP,
  `deleted_at` datetime DEFAULT NULL,
  PRIMARY KEY (`id`),
  KEY `id_idx` (`user_id`),
  CONSTRAINT `user_id` FOREIGN KEY (`user_id`) REFERENCES `users` (`id`) ON DELETE CASCADE
) ENGINE=InnoDB AUTO_INCREMENT=47 DEFAULT CHARSET=utf8 COLLATE=utf8_bin;
/*!40101 SET character_set_client = @saved_cs_client */;

--
-- Dumping data for table `orders`
--

LOCK TABLES `orders` WRITE;
/*!40000 ALTER TABLE `orders` DISABLE KEYS */;
INSERT INTO `orders` VALUES (8,82,NULL,'2019-05-31 20:00:29',NULL,'2019-05-31 15:29:36','2019-05-31 15:29:36',NULL),(9,82,NULL,'2019-05-31 15:00:27',NULL,'2019-05-31 15:31:33','2019-05-31 15:31:33',NULL),(10,82,NULL,'2019-05-31 20:00:08',NULL,'2019-05-31 15:32:13','2019-05-31 15:32:13',NULL),(11,82,NULL,'2019-05-31 16:30:20',NULL,'2019-05-31 15:34:26','2019-05-31 15:34:26',NULL),(12,82,NULL,'2019-05-31 16:00:59',NULL,'2019-05-31 15:47:04','2019-05-31 15:47:04',NULL),(13,82,NULL,'2019-05-31 15:30:31',NULL,'2019-05-31 15:56:36','2019-05-31 15:56:36',NULL),(14,82,NULL,'2019-05-31 15:30:25',NULL,'2019-05-31 16:24:29','2019-05-31 16:24:29',NULL),(15,82,NULL,'2019-05-31 16:26:22',NULL,'2019-05-31 16:28:28','2019-05-31 16:28:28',NULL),(16,82,NULL,'2019-05-31 17:00:53',NULL,'2019-05-31 18:01:58','2019-05-31 18:01:58',NULL),(17,82,NULL,'2019-05-31 18:45:32',NULL,'2019-05-31 18:03:37','2019-05-31 18:03:37',NULL),(18,82,NULL,'2019-06-14 17:10:55',NULL,'2019-06-13 18:10:05','2019-06-13 18:10:05',NULL),(19,82,NULL,'2019-06-14 16:30:56',NULL,'2019-06-13 18:11:02','2019-06-13 18:11:02',NULL),(20,82,NULL,'2019-06-20 15:30:22',NULL,'2019-06-14 10:54:27','2019-06-14 10:54:27',NULL),(21,82,NULL,'2019-06-15 08:00:41',NULL,'2019-06-14 11:23:50','2019-06-14 11:23:50',NULL),(22,82,NULL,'2019-06-26 16:24:32',NULL,'2019-06-14 11:24:39','2019-06-14 11:24:39',NULL),(23,82,NULL,'2019-06-20 15:30:40',NULL,'2019-06-14 12:57:45','2019-06-14 12:57:45',NULL),(24,82,NULL,'2019-06-27 03:30:15',NULL,'2019-06-14 12:58:19','2019-06-14 12:58:19',NULL),(25,82,NULL,'2019-06-25 15:30:59',NULL,'2019-06-14 12:59:04','2019-06-14 12:59:04',NULL),(26,82,NULL,'2019-06-20 15:00:25',NULL,'2019-06-14 16:39:30','2019-06-14 16:39:30',NULL),(27,82,NULL,'2019-06-28 15:00:03',NULL,'2019-06-14 17:43:09','2019-06-14 17:43:09',NULL),(28,82,NULL,'2019-06-20 15:00:03',NULL,'2019-06-14 17:52:11','2019-06-14 17:52:11',NULL),(29,84,NULL,'2019-06-20 15:30:57',NULL,'2019-06-14 17:56:02','2019-06-14 17:56:02',NULL),(30,84,NULL,'2019-06-25 16:00:16',NULL,'2019-06-14 19:13:21','2019-06-14 19:13:21',NULL),(31,82,NULL,'2019-06-20 15:30:25',NULL,'2019-06-19 12:42:32','2019-06-19 12:42:32',NULL),(32,82,NULL,'2019-06-20 15:30:47',NULL,'2019-06-19 12:48:52','2019-06-19 12:48:52',NULL),(33,82,NULL,'2019-06-19 15:30:53',NULL,'2019-06-19 12:55:58','2019-06-19 12:55:58',NULL),(34,82,NULL,'2019-06-19 15:30:14',NULL,'2019-06-19 12:58:24','2019-06-19 12:58:24',NULL),(35,82,NULL,'2019-06-19 09:30:05',NULL,'2019-06-19 13:07:12','2019-06-19 13:07:12',NULL),(36,82,NULL,'2019-06-19 09:30:10',NULL,'2019-06-19 13:08:16','2019-06-19 13:08:16',NULL),(37,82,NULL,'2019-06-19 12:30:52',NULL,'2019-06-19 13:09:59','2019-06-19 13:09:59',NULL),(38,82,NULL,'2019-06-19 12:30:23',NULL,'2019-06-19 13:11:29','2019-06-19 13:11:29',NULL),(39,82,NULL,'2019-06-19 12:00:32',NULL,'2019-06-19 13:13:38','2019-06-19 13:13:38',NULL),(40,82,NULL,'2019-06-28 12:30:30',NULL,'2019-06-20 14:52:03','2019-06-20 14:52:03',NULL),(41,82,NULL,'2019-06-27 12:30:41',NULL,'2019-06-20 15:40:48','2019-06-20 15:40:48',NULL),(42,82,'Qwerggb','2019-06-20 12:30:21',NULL,'2019-06-20 15:56:29','2019-06-20 15:56:29',NULL),(43,82,'Test','2019-06-28 12:30:24',NULL,'2019-06-20 18:00:41','2019-06-20 18:00:41',NULL),(44,82,'Qwerty','2019-06-21 12:50:25',NULL,'2019-06-20 18:41:42','2019-06-20 18:41:42',NULL),(45,82,'Тест тест','2019-06-27 12:30:29',NULL,'2019-06-21 16:23:46','2019-06-21 16:23:46',NULL),(46,82,'Плдгообдж','2019-06-22 12:30:13',NULL,'2019-06-21 16:29:29','2019-06-21 16:29:29',NULL);
/*!40000 ALTER TABLE `orders` ENABLE KEYS */;
UNLOCK TABLES;

--
-- Table structure for table `orders_prices`
--

DROP TABLE IF EXISTS `orders_prices`;
/*!40101 SET @saved_cs_client     = @@character_set_client */;
/*!40101 SET character_set_client = utf8 */;
CREATE TABLE `orders_prices` (
  `order_id` int(10) unsigned NOT NULL,
  `user_id` int(10) unsigned NOT NULL,
  `price_id` int(10) unsigned NOT NULL,
  UNIQUE KEY `order_price` (`order_id`,`price_id`) USING BTREE,
  KEY `price_id_idx` (`price_id`),
  KEY `user_id_idx` (`user_id`),
  CONSTRAINT `order_id` FOREIGN KEY (`order_id`) REFERENCES `orders` (`id`) ON DELETE CASCADE,
  CONSTRAINT `price_id` FOREIGN KEY (`price_id`) REFERENCES `prices` (`id`) ON DELETE CASCADE
) ENGINE=InnoDB DEFAULT CHARSET=utf8 COLLATE=utf8_bin;
/*!40101 SET character_set_client = @saved_cs_client */;

--
-- Dumping data for table `orders_prices`
--

LOCK TABLES `orders_prices` WRITE;
/*!40000 ALTER TABLE `orders_prices` DISABLE KEYS */;
INSERT INTO `orders_prices` VALUES (8,82,6),(8,82,7),(9,82,4),(9,82,5),(10,82,6),(10,82,7),(11,82,5),(12,82,4),(12,82,5),(12,82,6),(13,82,5),(13,82,6),(14,82,5),(14,82,6),(15,82,6),(15,82,7),(16,82,4),(16,82,5),(17,82,4),(17,82,5),(18,82,4),(18,82,5),(18,82,6),(18,82,7),(19,82,9),(19,82,10),(19,82,12),(20,82,3),(20,82,4),(20,82,5),(21,82,3),(21,82,4),(22,82,6),(22,82,8),(23,82,5),(23,82,6),(23,82,7),(24,82,6),(24,82,7),(25,82,6),(26,82,4),(26,82,5),(26,82,6),(27,82,3),(27,82,4),(28,82,7),(28,82,8),(31,82,2),(31,82,3),(32,82,2),(32,82,3),(33,82,2),(33,82,3),(34,82,3),(34,82,4),(35,82,3),(35,82,4),(36,82,2),(36,82,3),(37,82,2),(37,82,3),(38,82,2),(38,82,3),(39,82,2),(39,82,3),(40,82,5),(40,82,6),(41,82,4),(41,82,5),(42,82,5),(42,82,6),(43,82,3),(43,82,6),(43,82,7),(44,82,2),(44,82,3),(44,82,4),(45,82,2),(45,82,3),(45,82,4),(45,82,5),(45,82,6),(46,82,5),(46,82,6),(46,82,7),(29,84,7),(29,84,8),(30,84,6),(30,84,7);
/*!40000 ALTER TABLE `orders_prices` ENABLE KEYS */;
UNLOCK TABLES;

--
-- Table structure for table `prices`
--

DROP TABLE IF EXISTS `prices`;
/*!40101 SET @saved_cs_client     = @@character_set_client */;
/*!40101 SET character_set_client = utf8 */;
CREATE TABLE `prices` (
  `id` int(10) unsigned NOT NULL AUTO_INCREMENT,
  `name` varchar(256) COLLATE utf8_bin NOT NULL,
  `status` int(11) DEFAULT '1',
  `price` int(11) NOT NULL,
  `time` int(11) NOT NULL,
  `created_at` datetime DEFAULT CURRENT_TIMESTAMP,
  `updated_at` datetime DEFAULT CURRENT_TIMESTAMP ON UPDATE CURRENT_TIMESTAMP,
  `deleted_at` datetime DEFAULT NULL,
  PRIMARY KEY (`id`),
  UNIQUE KEY `id_UNIQUE` (`id`)
) ENGINE=InnoDB AUTO_INCREMENT=13 DEFAULT CHARSET=utf8 COLLATE=utf8_bin;
/*!40101 SET character_set_client = @saved_cs_client */;

--
-- Dumping data for table `prices`
--

LOCK TABLES `prices` WRITE;
/*!40000 ALTER TABLE `prices` DISABLE KEYS */;
INSERT INTO `prices` VALUES (2,'Бедра',3,170,45,'2019-02-14 23:00:03','2019-02-14 23:00:03',NULL),(3,'Глубокое бикини',1,190,30,'2019-02-14 23:00:29','2019-02-14 23:00:29',NULL),(4,'Бикини',1,150,30,'2019-02-14 23:00:46','2019-02-14 23:00:46',NULL),(5,'Ножки полностью',1,300,60,'2019-02-14 23:14:32','2019-02-14 23:19:34',NULL),(6,'усики',1,50,15,'2019-05-19 18:21:54','2019-05-19 18:21:54',NULL),(7,'подмышки',1,100,20,'2019-05-19 18:22:15','2019-05-19 18:22:15',NULL),(8,'голени',1,100,30,'2019-05-19 18:22:28','2019-05-19 18:22:28',NULL),(9,'животик',1,150,30,'2019-05-19 18:23:42','2019-05-19 18:23:42',NULL),(10,'поясница',1,170,40,'2019-05-19 18:23:53','2019-05-19 18:23:53',NULL),(11,'ручки до локтя',1,120,25,'2019-05-19 18:24:07','2019-05-19 18:24:07',NULL),(12,'ручки полностью',1,170,40,'2019-05-19 18:24:36','2019-05-19 18:24:36',NULL);
/*!40000 ALTER TABLE `prices` ENABLE KEYS */;
UNLOCK TABLES;

--
-- Table structure for table `users`
--

DROP TABLE IF EXISTS `users`;
/*!40101 SET @saved_cs_client     = @@character_set_client */;
/*!40101 SET character_set_client = utf8 */;
CREATE TABLE `users` (
  `id` int(10) unsigned NOT NULL AUTO_INCREMENT,
  `type` int(11) NOT NULL DEFAULT '1',
  `email` varchar(100) COLLATE utf8_bin DEFAULT NULL,
  `phone` varchar(25) COLLATE utf8_bin NOT NULL,
  `name` varchar(255) COLLATE utf8_bin DEFAULT NULL,
  `created_at` datetime NOT NULL DEFAULT CURRENT_TIMESTAMP,
  `updated_at` datetime NOT NULL DEFAULT CURRENT_TIMESTAMP ON UPDATE CURRENT_TIMESTAMP,
  `status` tinyint(3) unsigned NOT NULL DEFAULT '1',
  `deleted_at` datetime DEFAULT NULL,
  `password` varchar(65) COLLATE utf8_bin DEFAULT NULL,
  PRIMARY KEY (`id`),
  UNIQUE KEY `id_UNIQUE` (`id`),
  UNIQUE KEY `phone_UNIQUE` (`phone`),
  UNIQUE KEY `email_UNIQUE` (`email`)
) ENGINE=InnoDB AUTO_INCREMENT=85 DEFAULT CHARSET=utf8 COLLATE=utf8_bin;
/*!40101 SET character_set_client = @saved_cs_client */;

--
-- Dumping data for table `users`
--

LOCK TABLES `users` WRITE;
/*!40000 ALTER TABLE `users` DISABLE KEYS */;
INSERT INTO `users` VALUES (57,0,'Riuggf@mail.fcx','500485','Fghtdfg','2019-05-25 20:37:03','2019-05-25 20:37:03',1,NULL,'ea71f8b1b6171f0a243342b5002e64d1b35ffb93'),(58,0,'Qwerrt@cvnn.vcc','5865588','Rtgde','2019-05-25 20:37:59','2019-05-25 20:37:59',1,NULL,'ea71f8b1b6171f0a243342b5002e64d1b35ffb93'),(59,0,'Dfhjbc@cbnm.cbh','558885','Tfgjurd','2019-05-25 20:39:48','2019-05-25 20:39:48',1,NULL,'ea71f8b1b6171f0a243342b5002e64d1b35ffb93'),(60,0,'Dvhttg@zcb.cvb','225588','Rtczz','2019-05-25 20:41:40','2019-05-25 20:41:40',1,NULL,'ea71f8b1b6171f0a243342b5002e64d1b35ffb93'),(61,0,'Fvnhyg@mail.com','25800','Qwerty','2019-05-25 20:49:24','2019-05-25 20:49:24',1,NULL,'ea71f8b1b6171f0a243342b5002e64d1b35ffb93'),(62,0,'Qertt@cvb.nbv','58874','Rdggtr','2019-05-25 22:21:10','2019-05-25 22:21:10',1,NULL,'ea71f8b1b6171f0a243342b5002e64d1b35ffb93'),(63,0,'Qqqq@mail.com','885544','Wwwww','2019-05-25 22:49:28','2019-05-25 22:49:28',0,NULL,'9a3b023d87ba780aab15771717494cf6e7349dfe'),(64,0,'Ddxx@bnm.xxa','5588855','Wwwwffg','2019-05-25 22:51:45','2019-05-25 22:51:45',0,NULL,'9a3b023d87ba780aab15771717494cf6e7349dfe'),(82,0,'dontsovroman@gmail.com','0974885047','Roman','2019-05-31 10:04:32','2019-05-31 10:04:32',0,NULL,'88d6ef7ebfe956e1aaa308741cb7fcce5ab2dbb9'),(84,0,'dontsovromaneww2@gmail.com','09748850477','Roman','2019-06-14 17:55:48','2019-06-14 17:55:48',0,NULL,'88d6ef7ebfe956e1aaa308741cb7fcce5ab2dbb9');
/*!40000 ALTER TABLE `users` ENABLE KEYS */;
UNLOCK TABLES;
/*!40103 SET TIME_ZONE=@OLD_TIME_ZONE */;

/*!40101 SET SQL_MODE=@OLD_SQL_MODE */;
/*!40014 SET FOREIGN_KEY_CHECKS=@OLD_FOREIGN_KEY_CHECKS */;
/*!40014 SET UNIQUE_CHECKS=@OLD_UNIQUE_CHECKS */;
/*!40101 SET CHARACTER_SET_CLIENT=@OLD_CHARACTER_SET_CLIENT */;
/*!40101 SET CHARACTER_SET_RESULTS=@OLD_CHARACTER_SET_RESULTS */;
/*!40101 SET COLLATION_CONNECTION=@OLD_COLLATION_CONNECTION */;
/*!40111 SET SQL_NOTES=@OLD_SQL_NOTES */;

-- Dump completed on 2019-06-21 16:53:47
